{"customer_info_th": {"thai_title": "นาย","thai_first_name": "ไทยพาณิชย์","thai_middle_name": "เอสซีบี","thai_last_name": "จำกัด","thai_full_name": "นาย ไทยพาณิชย์ เอสซีบี จำกัด"},"customer_info_en": {"en_title": "","en_first_name": "Thaipanit","en_middle_name": "scb","en_last_name": "jumkad","en_full_name": "Mr. Thaipanit scb jumkad"},"birth_date": "1979-06-14","identifier": {"card_number": "8258801898731","card_type": "32400","card_issuing_country": "TH","card_issue_date": "2018-06-13","card_expiry_date": "2027-06-13"},"customer_address_id_card": {"id_card_street_address1": "ธนาคารไทยพาณิชย์","id_card_street_address2": "9","id_card_address_subdistrict": "ลาดพร้าว","id_card_address_district": "จตุจักร","id_card_address_province": "กรุงเทพ","id_card_address_zipcode": "10400","id_card_address_country": "TH","id_card_address_full": "ธนาคารไทยพาณิชย์  9 ลาดพร้าว จตุจักร กรุงเทพ 10400 ประเทศไทย"},"customer_contact": {"gender": "M","marital_status": "S","nationality": "TH","non_iso_nationality_desciption": "ไทใหญ่"}} 