{"identifier": {"card_number": "8258801898731","card_type": "32400"},"customer_address_contact": {"contact_street_address1": "ธนาคารไทยพาณิชย์","contact_street_address2": "9","contact_address_subdistrict": "ลาดพร้าว","contact_address_district": "จตุจักร","contact_address_province": "กรุงเทพ","contact_address_zipcode": "10400","contact_address_country": "TH","contact_address_full": "ธนาคารไทยพาณิชย์  9 ลาดพร้าว จตุจักร กรุงเทพ 10400 ประเทศไทย"},"customer_contact": {"home_tel_no": "025440000","home_tel_no_ext": "333","mobile_tel_no": "0873212234","email_addr": "s63441@scb.co.th"}}