{"customer_info_th": {"thai_title": "นาย","thai_first_name": "ไทยพาณิชย์","thai_middle_name": "เอสซีบี","thai_last_name": "จำกัด","thai_full_name": "นาย ไทยพาณิชย์ เอสซีบี จำกัด"},"customer_info_en": {"en_title": "","en_first_name": "Thaipanit","en_middle_name": "scb","en_last_name": "jumkad","en_full_name": "Mr. Thaipanit scb jumkad"},"birth_date": "1979-06-14","identifier": {"card_number": "8258801898731","card_type": "32400","card_issuing_country": "TH","card_issue_date": "2018-06-13","card_expiry_date": "2027-06-13"},"customer_address_id_card": {"id_card_street_address1": "ธนาคารไทยพาณิชย์","id_card_street_address2": "9","id_card_address_subdistrict": "ลาดพร้าว","id_card_address_district": "จตุจักร","id_card_address_province": "กรุงเทพ","id_card_address_zipcode": "10400","id_card_address_country": "TH","id_card_address_full": "ธนาคารไทยพาณิชย์  9 ลาดพร้าว จตุจักร กรุงเทพ 10400 ประเทศไทย"},"customer_address_contact": {"contact_street_address1": "ธนาคารไทยพาณิชย์","contact_street_address2": "9","contact_address_subdistrict": "ลาดพร้าว","contact_address_district": "จตุจักร","contact_address_province": "กรุงเทพ","contact_address_zipcode": "10400","contact_address_country": "TH","contact_address_full": "ธนาคารไทยพาณิชย์  9 ลาดพร้าว จตุจักร กรุงเทพ 10400 ประเทศไทย"},"customer_occupation": {"occupation_code": "1","idp_specific_occupation_desc": "พนักงานธนาคาร","office_name": "ธนาคารไทยพาณิชย์"},"office_address": {"office_street_address1": "ธนาคารไทยพาณิชย์","office_street_address2": "9","office_address_subdistrict": "ลาดพร้าว","office_address_district": "จตุจักร","office_address_province": "กรุงเทพ","office_address_zipcode": "10400","office_address_country": "TH","office_full_address": "ธนาคารไทยพาณิชย์  9 ลาดพร้าว จตุจักร กรุงเทพ 10400 ประเทศไทย"},"customer_contact": {"home_tel_no": "025440000","home_tel_no_ext": "333","mobile_tel_no": "0873212234","email_addr": "s63441@scb.co.th","nationality": "TH","non_iso_nationality_description": "ไทใหญ่","income": "30,000","marital_status": "S","gender": "M"},"customer_biometric": {"biometric_data": "YW55IGNhcm5hbCBwbGVhcw==","biometric_type": "PHOTO","biometric_format": "JPEG"},"cust_created_date": "<3"}